id,score,abs_score
2_6,-0.44648399312670034,0.44648399312670034
1_5,0.2785846133464171,0.2785846133464171
2_13,0.19941571469958455,0.19941571469958455
6,0.18177787868891548,0.18177787868891548
6_9,0.1515075962783562,0.1515075962783562
2_9,0.14937808062968544,0.14937808062968544
2_7,0.14056751278426072,0.14056751278426072
2_3,0.13308461728027193,0.13308461728027193
5_9,0.12454953506821767,0.12454953506821767
1,0.11508439173974148,0.11508439173974148
10,0.10816257424432005,0.10816257424432005
1_9,-0.09800074342638251,0.09800074342638251
5_6,-0.09444859525198505,0.09444859525198505
1_13,-0.0931381759383887,0.0931381759383887
6_13,0.08769022974849901,0.08769022974849901
3_6,0.08625504580231788,0.08625504580231788
11_12,0.08250080378582841,0.08250080378582841
2,0.0773886318847446,0.0773886318847446
6_8,0.0766106762724424,0.0766106762724424
9_10,-0.07520790758361626,0.07520790758361626
2_8,0.07324215457192626,0.07324215457192626
2_5,0.07010769114796347,0.07010769114796347
6_10,0.06982761543986274,0.06982761543986274
8,0.06948817995976658,0.06948817995976658
10_16,0.06668122711926117,0.06668122711926117
6_12,-0.06647904841229313,0.06647904841229313
11_13,0.06471668654121454,0.06471668654121454
8_16,-0.06302645951509471,0.06302645951509471
5_13,-0.061742241947083804,0.061742241947083804
5_10,-0.06170191541314125,0.06170191541314125
1_2,-0.05487491667736321,0.05487491667736321
2_14,0.0525791884848492,0.0525791884848492
10_13,-0.052379288456656764,0.052379288456656764
3_4,-0.052360201892532536,0.052360201892532536
4_5,0.050859780723626236,0.050859780723626236
2_10,0.04961160488892343,0.04961160488892343
13_16,0.04837082802502368,0.04837082802502368
5_16,-0.04668537770131872,0.04668537770131872
9_11,-0.04575134788683498,0.04575134788683498
3_8,-0.04539187685586511,0.04539187685586511
3,-0.04527951232353416,0.04527951232353416
1_10,-0.04499058896566143,0.04499058896566143
2_15,0.044857332088912946,0.044857332088912946
7_8,-0.04458849294370826,0.04458849294370826
2_12,0.04453272023238245,0.04453272023238245
5_7,-0.04385160265463546,0.04385160265463546
6_14,0.039455730530400086,0.039455730530400086
6_7,0.03926940012248596,0.03926940012248596
4,0.03856807117702079,0.03856807117702079
6_16,-0.037654723125425255,0.037654723125425255
8_13,-0.036266810227451506,0.036266810227451506
7_11,-0.03549735497411652,0.03549735497411652
3_5,0.03444688713061621,0.03444688713061621
5_8,0.03356861236898109,0.03356861236898109
12,-0.030435626864403702,0.030435626864403702
1_16,0.029381827451288794,0.029381827451288794
1_14,-0.02850007203718023,0.02850007203718023
4_10,-0.028364202273743484,0.028364202273743484
1_6,-0.028134062471023468,0.028134062471023468
9,0.02788821762577537,0.02788821762577537
13,-0.027756397682254186,0.027756397682254186
7,0.027615855010584577,0.027615855010584577
3_16,-0.027209693840834197,0.027209693840834197
1_11,-0.026873609897765285,0.026873609897765285
1_8,0.026309858082095204,0.026309858082095204
6_11,-0.02576894674566573,0.02576894674566573
14_15,0.025549614082722525,0.025549614082722525
5_14,-0.023968567838892327,0.023968567838892327
14_16,0.023654607807596564,0.023654607807596564
3_10,0.023367869810989303,0.023367869810989303
10_12,0.02317807716630901,0.02317807716630901
3_9,-0.021368639512309936,0.021368639512309936
3_7,0.019117999563847403,0.019117999563847403
9_15,-0.01848389746066039,0.01848389746066039
1_7,-0.018013102269667954,0.018013102269667954
7_16,-0.01788878183288026,0.01788878183288026
9_14,-0.01712378242518754,0.01712378242518754
3_15,-0.016911985874887465,0.016911985874887465
7_14,-0.016313908908229577,0.016313908908229577
2_16,0.01617877167088654,0.01617877167088654
9_13,-0.01582791664722287,0.01582791664722287
10_14,-0.015114885599662864,0.015114885599662864
4_12,-0.015052593342261342,0.015052593342261342
4_9,-0.014691647438346153,0.014691647438346153
8_14,-0.014580568415112774,0.014580568415112774
5_15,-0.013500958960503318,0.013500958960503318
5_11,0.013477076209920395,0.013477076209920395
4_13,0.013225798711775719,0.013225798711775719
3_11,-0.013008827121146678,0.013008827121146678
7_9,-0.012019692900139474,0.012019692900139474
2_11,-0.011856642930069924,0.011856642930069924
15,-0.011674780235776257,0.011674780235776257
4_16,-0.01132935708693157,0.01132935708693157
2_4,-0.01131544852008424,0.01131544852008424
11_15,-0.011074966564774493,0.011074966564774493
15_16,0.010701505638280633,0.010701505638280633
11_16,0.009805182705999246,0.009805182705999246
8_10,0.008775031949173596,0.008775031949173596
7_10,-0.008754596802949315,0.008754596802949315
6_15,0.008350060010949796,0.008350060010949796
4_15,-0.008016740625652555,0.008016740625652555
9_12,0.0075273405421864,0.0075273405421864
8_9,-0.007483113049106218,0.007483113049106218
1_12,-0.007482011353001973,0.007482011353001973
14,0.007470658756681793,0.007470658756681793
1_3,-0.007441030366559652,0.007441030366559652
13_15,0.00638456455393081,0.00638456455393081
13_14,0.006310786666850043,0.006310786666850043
11,0.006102817611872314,0.006102817611872314
1_15,-0.006046834782076346,0.006046834782076346
4_14,-0.005981684296524936,0.005981684296524936
3_12,-0.005976437948577651,0.005976437948577651
8_15,0.00578834709813238,0.00578834709813238
7_13,0.005683957993622069,0.005683957993622069
3_14,0.005117992325297871,0.005117992325297871
10_15,-0.005088593812615714,0.005088593812615714
4_8,-0.005044408433604963,0.005044408433604963
9_16,-0.004704317677533204,0.004704317677533204
5,0.00447277908014522,0.00447277908014522
8_11,-0.004387910983669353,0.004387910983669353
7_15,0.0037177896107702274,0.0037177896107702274
3_13,-0.0036495531850960217,0.0036495531850960217
4_6,-0.0034784516490831466,0.0034784516490831466
4_11,-0.0032234339570791103,0.0032234339570791103
7_12,0.003173557376222929,0.003173557376222929
12_13,0.002322821744850798,0.002322821744850798
8_12,-0.0016798695689751889,0.0016798695689751889
12_15,-0.0016593783823607249,0.0016593783823607249
12_16,0.0016204509345698046,0.0016204509345698046
1_4,0.0010388018777838836,0.0010388018777838836
12_14,0.0009519235532293109,0.0009519235532293109
10_11,0.0008999307253609337,0.0008999307253609337
16,-0.0007527181281823218,0.0007527181281823218
5_12,-0.0007371998529249012,0.0007371998529249012
4_7,0.0005675911043698287,0.0005675911043698287
11_14,-0.0002814250092341939,0.0002814250092341939
